,Layer,Sinusitis nodes,Pain nodes,sAB
0,disease_on_genes,29,26,-0.19999999999999996
1,disease_on_symptoms,20,16,0.09652777777777777
2,disease_on_drugs,27,26,-0.17022792022792022
