,Layer,Purpura nodes,Gout nodes,sAB
0,disease_on_genes,27,28,-0.036375661375661394
1,disease_on_symptoms,17,19,0.5804093567251463
2,disease_on_drugs,24,22,-0.1519268774703555
