,Layer,Tremor nodes,Sepsis nodes,sAB
0,disease_on_genes,27,30,0.19385964912280707
1,disease_on_symptoms,17,15,2.1716911764705884
2,disease_on_drugs,24,25,0.5113945578231294
