,Layer,Seizure nodes,Cough nodes,sAB
0,disease_on_genes,30,27,0.05263157894736836
1,disease_on_symptoms,21,22,1.3003372596395852
2,disease_on_drugs,29,24,0.4326068098026459
