,Layer,Heartburn nodes,Cough nodes,sAB
0,disease_on_genes,26,27,0.018867924528301883
1,disease_on_symptoms,16,22,0.9808612440191387
2,disease_on_drugs,25,24,0.44891156462585036
