,Layer,Gout nodes,Vitiligo nodes,sAB
0,disease_on_genes,28,30,0.05110837438423643
1,disease_on_symptoms,19,19,-0.3157894736842104
2,disease_on_drugs,22,25,-0.046499032882011626
