,Layer,Vitiligo nodes,Glaucoma nodes,sAB
0,disease_on_genes,30,30,0.06666666666666665
1,disease_on_symptoms,19,18,-0.018373636794689396
2,disease_on_drugs,25,28,0.24556603773584884
