,Layer,Priapism nodes,Cough nodes,sAB
0,disease_on_genes,30,27,-0.19298245614035092
1,disease_on_symptoms,12,22,-0.41800356506238834
2,disease_on_drugs,28,24,-0.055860805860805884
