,Layer,Dysuria nodes,Asthma nodes,sAB
0,disease_on_genes,30,25,0.07090909090909081
1,disease_on_symptoms,12,20,1.5895833333333333
2,disease_on_drugs,21,22,0.20374005839122122
