,Layer,Myalgia nodes,Exanthem nodes,sAB
0,disease_on_genes,30,30,-0.19999999999999996
1,disease_on_symptoms,16,21,0.036478442728442584
2,disease_on_drugs,29,29,-0.18965517241379304
