,Layer,Sepsis nodes,Ascites nodes,sAB
0,disease_on_genes,30,30,0.016666666666666607
1,disease_on_symptoms,15,22,0.6190417690417689
2,disease_on_drugs,25,27,0.19415954415954428
