,Layer,Priapism nodes,Ascites nodes,sAB
0,disease_on_genes,30,30,0.06666666666666665
1,disease_on_symptoms,12,22,0.22638146167557904
2,disease_on_drugs,28,27,0.19925444925444946
