,Layer,Epilepsy nodes,Gout nodes,sAB
0,disease_on_genes,30,28,-0.017282430213464872
1,disease_on_symptoms,21,19,0.21691729323308273
2,disease_on_drugs,29,22,0.10452394123793729
