,Layer,Seizure nodes,Orchitis nodes,sAB
0,disease_on_genes,30,25,0.036363636363636376
1,disease_on_symptoms,21,19,0.27167919799498774
2,disease_on_drugs,29,25,0.2554789272030651
