,Layer,Gout nodes,Exanthem nodes,sAB
0,disease_on_genes,28,30,-0.13797208538587857
1,disease_on_symptoms,19,21,0.026441102756892265
2,disease_on_drugs,22,29,-0.09865388161534194
