,Layer,Chorea nodes,Glaucoma nodes,sAB
0,disease_on_genes,30,30,-0.1333333333333333
1,disease_on_symptoms,17,18,0.029551820728291434
2,disease_on_drugs,24,28,0.15224358974358965
