,Layer,Rosacea nodes,Pneumonia nodes,sAB
0,disease_on_genes,30,30,-0.11666666666666659
1,disease_on_symptoms,18,23,0.2651997172145637
2,disease_on_drugs,30,29,0.0010909799337617265
