,Layer,Rosacea nodes,Sepsis nodes,sAB
0,disease_on_genes,30,30,-0.16666666666666674
1,disease_on_symptoms,18,15,0.30454545454545445
2,disease_on_drugs,30,25,-0.03333333333333344
