,Layer,Gout nodes,Tremor nodes,sAB
0,disease_on_genes,28,27,-0.05422077922077917
1,disease_on_symptoms,19,17,0.7389060887512902
2,disease_on_drugs,22,24,0.18955862977602123
