,Layer,Pain nodes,Sarcoma nodes,sAB
0,disease_on_genes,26,30,0.1071428571428572
1,disease_on_symptoms,16,23,1.1709517837235226
2,disease_on_drugs,26,24,0.4571794871794872
