,Layer,Chorea nodes,Sepsis nodes,sAB
0,disease_on_genes,30,30,0.21666666666666679
1,disease_on_symptoms,17,15,1.8738970588235295
2,disease_on_drugs,24,25,0.5500850340136054
