,Layer,Chorea nodes,Cough nodes,sAB
0,disease_on_genes,30,27,0.14035087719298245
1,disease_on_symptoms,17,22,0.8606540518305223
2,disease_on_drugs,24,24,0.4791666666666665
