,Layer,Dermatitis nodes,Ascites nodes,sAB
0,disease_on_genes,30,30,0.01666666666666683
1,disease_on_symptoms,14,22,0.06601731601731609
2,disease_on_drugs,28,27,0.016786916786916795
