,Layer,Cough nodes,Cholangitis nodes,sAB
0,disease_on_genes,27,30,0.01754385964912286
1,disease_on_symptoms,22,18,-0.042676767676767646
2,disease_on_drugs,24,28,0.18315018315018317
