,Layer,Pain nodes,Keloid nodes,sAB
0,disease_on_genes,26,23,-0.04081632653061229
1,disease_on_symptoms,16,17,1.5496323529411766
2,disease_on_drugs,26,22,0.15195221445221452
