,Layer,Chorea nodes,Leukemia nodes,sAB
0,disease_on_genes,30,30,0.016666666666666607
1,disease_on_symptoms,17,21,1.2417072091994694
2,disease_on_drugs,24,30,0.5300925925925926
