,Layer,Gout nodes,Sepsis nodes,sAB
0,disease_on_genes,28,30,-0.017282430213464872
1,disease_on_symptoms,19,15,1.0055727554179568
2,disease_on_drugs,22,25,0.016054158607350155
