,Layer,Gout nodes,Sarcoma nodes,sAB
0,disease_on_genes,28,30,0.15455665024630538
1,disease_on_symptoms,19,23,0.5629835458210746
2,disease_on_drugs,22,24,0.021080368906456037
