,Layer,Sarcoma nodes,Glaucoma nodes,sAB
0,disease_on_genes,30,30,0.050000000000000044
1,disease_on_symptoms,23,18,0.18195475433015207
2,disease_on_drugs,24,28,0.01602564102564119
