,Layer,Gout nodes,Dyssomnia nodes,sAB
0,disease_on_genes,28,18,0.06909937888198758
1,disease_on_symptoms,19,21,2.1347744360902254
2,disease_on_drugs,22,17,0.15453174276703674
