,Layer,Purpura nodes,Glaucoma nodes,sAB
0,disease_on_genes,27,30,0.034990253411306016
1,disease_on_symptoms,17,18,0.5404761904761908
2,disease_on_drugs,24,28,0.22596153846153855
