,Layer,Rosacea nodes,Leukemia nodes,sAB
0,disease_on_genes,30,30,-0.09999999999999998
1,disease_on_symptoms,18,21,0.026556776556776462
2,disease_on_drugs,30,30,0.04999999999999982
