,Layer,Chorea nodes,Erysipelas nodes,sAB
0,disease_on_genes,30,30,-0.033333333333333326
1,disease_on_symptoms,17,18,0.45812324929972004
2,disease_on_drugs,24,29,0.17069236608111038
