,Layer,Arthritis nodes,Gout nodes,sAB
0,disease_on_genes,30,28,-0.017857142857142794
1,disease_on_symptoms,20,19,0.40968286099865026
2,disease_on_drugs,29,22,-0.13077017640912159
