,Layer,Gangrene nodes,Glaucoma nodes,sAB
0,disease_on_genes,27,30,0.0008771929824562541
1,disease_on_symptoms,22,18,0.3515151515151518
2,disease_on_drugs,27,28,0.14537037037037015
