,Layer,Purpura nodes,Sepsis nodes,sAB
0,disease_on_genes,27,30,-0.14044834307992204
1,disease_on_symptoms,17,15,0.10000000000000009
2,disease_on_drugs,24,25,-0.16505102040816344
