,Layer,Rosacea nodes,Gangrene nodes,sAB
0,disease_on_genes,30,27,-0.05175438596491222
1,disease_on_symptoms,18,22,0.051515151515151514
2,disease_on_drugs,30,27,0.12300194931773878
