,Layer,Tremor nodes,Goiter nodes,sAB
0,disease_on_genes,27,26,0.16981132075471694
1,disease_on_symptoms,17,12,2.0440331304935766
2,disease_on_drugs,24,18,0.6051587301587305
