,Layer,Migraine nodes,Asthma nodes,sAB
0,disease_on_genes,30,25,-0.038181818181818206
1,disease_on_symptoms,12,20,1.3708333333333333
2,disease_on_drugs,29,22,0.16320917081566177
