,Layer,Diarrhea nodes,Rhinitis nodes,sAB
0,disease_on_genes,30,30,-0.06666666666666665
1,disease_on_symptoms,21,12,0.34415584415584455
2,disease_on_drugs,29,23,0.028860569715142503
