,Layer,Sepsis nodes,Asthma nodes,sAB
0,disease_on_genes,30,25,0.10878787878787888
1,disease_on_symptoms,15,20,1.7821428571428573
2,disease_on_drugs,25,22,0.2815280464216636
