,Layer,Myalgia nodes,Uveitis nodes,sAB
0,disease_on_genes,30,30,0.06666666666666665
1,disease_on_symptoms,16,20,0.49930555555555545
2,disease_on_drugs,29,23,-0.08704301695306182
