,Layer,Vitiligo nodes,Rosacea nodes,sAB
0,disease_on_genes,30,30,-0.06666666666666665
1,disease_on_symptoms,19,18,0.06270744428639174
2,disease_on_drugs,25,30,-0.035151515151515156
