,Layer,Sepsis nodes,Glaucoma nodes,sAB
0,disease_on_genes,30,30,0.09999999999999987
1,disease_on_symptoms,15,18,1.1833333333333333
2,disease_on_drugs,25,28,0.39764150943396226
