,Layer,Cough nodes,Diarrhea nodes,sAB
0,disease_on_genes,27,30,-0.29824561403508776
1,disease_on_symptoms,22,21,0.027912010470150017
2,disease_on_drugs,24,29,-0.2843743222728259
