,Layer,Chorea nodes,Angioedema nodes,sAB
0,disease_on_genes,30,30,0.016666666666666607
1,disease_on_symptoms,17,18,0.28748832866479934
2,disease_on_drugs,24,26,-0.08121794871794896
