,Layer,Vitiligo nodes,Pain nodes,sAB
0,disease_on_genes,30,26,-0.0714285714285714
1,disease_on_symptoms,19,16,-0.007377819548872289
2,disease_on_drugs,25,26,0.09757164404223229
