,Layer,Glioma nodes,Glaucoma nodes,sAB
0,disease_on_genes,22,30,-0.05512820512820504
1,disease_on_symptoms,21,18,0.24084249084249088
2,disease_on_drugs,21,28,0.15051020408163263
