,Layer,Esophagitis nodes,Sinusitis nodes,sAB
0,disease_on_genes,30,29,0.00028248587570622874
1,disease_on_symptoms,20,20,0.025000000000000133
2,disease_on_drugs,30,27,0.10662768031189085
