,Layer,Gout nodes,Vasculitis nodes,sAB
0,disease_on_genes,28,26,0.07473544973544977
1,disease_on_symptoms,19,18,1.2200489963647856
2,disease_on_drugs,22,26,0.015297202797202925
