,Layer,Glaucoma nodes,Goiter nodes,sAB
0,disease_on_genes,30,26,0.019047619047619202
1,disease_on_symptoms,18,12,1.0916666666666666
2,disease_on_drugs,28,18,0.14915458937198078
