,Layer,Dysuria nodes,Keloid nodes,sAB
0,disease_on_genes,30,23,0.018867924528301883
1,disease_on_symptoms,12,17,1.875422582826234
2,disease_on_drugs,21,22,0.32001912815866307
