,Layer,Pruritus nodes,Myalgia nodes,sAB
0,disease_on_genes,27,30,-0.07115009746588707
1,disease_on_symptoms,21,16,0.8138272200772201
2,disease_on_drugs,27,29,0.0004333150884876513
