,Layer,Chorea nodes,Asthma nodes,sAB
0,disease_on_genes,30,25,-0.020000000000000018
1,disease_on_symptoms,17,20,0.6399443561208269
2,disease_on_drugs,24,22,0.17926548089591576
