,Layer,Keloid nodes,Ascites nodes,sAB
0,disease_on_genes,23,30,0.021069182389937158
1,disease_on_symptoms,17,22,0.3451597422185657
2,disease_on_drugs,22,27,0.03320621177764038
