,Layer,Purpura nodes,Sarcoma nodes,sAB
0,disease_on_genes,27,30,0.20955165692007793
1,disease_on_symptoms,17,23,0.9163043478260868
2,disease_on_drugs,24,24,0.16666666666666674
