,Layer,Erythroderma nodes,Pain nodes,sAB
0,disease_on_genes,30,26,0.017857142857142794
1,disease_on_symptoms,20,16,1.5131944444444447
2,disease_on_drugs,29,26,-0.014962623583313128
