,Layer,Tremor nodes,Cough nodes,sAB
0,disease_on_genes,27,27,0.0185185185185186
1,disease_on_symptoms,17,22,2.0190250925545046
2,disease_on_drugs,24,24,0.35416666666666674
