,Layer,Myopathy nodes,Pain nodes,sAB
0,disease_on_genes,23,26,0.04081632653061229
1,disease_on_symptoms,22,16,0.6571471291866029
2,disease_on_drugs,21,26,-0.08399579144259994
