,Layer,Gout nodes,Rhinitis nodes,sAB
0,disease_on_genes,28,30,0.10283251231527091
1,disease_on_symptoms,19,12,0.00962082625919658
2,disease_on_drugs,22,23,-0.0006587615283268899
