,Layer,Myopathy nodes,Pneumonia nodes,sAB
0,disease_on_genes,23,30,0.037735849056603765
1,disease_on_symptoms,22,23,0.06829161176987242
2,disease_on_drugs,21,29,0.14532019704433496
