,Layer,Rosacea nodes,Asthma nodes,sAB
0,disease_on_genes,30,25,-0.16393939393939394
1,disease_on_symptoms,18,20,1.624122807017544
2,disease_on_drugs,30,22,0.017016317016317117
