,Layer,Headache nodes,Uveitis nodes,sAB
0,disease_on_genes,30,30,0.050000000000000044
1,disease_on_symptoms,23,20,0.18392315470171883
2,disease_on_drugs,23,23,-0.13043478260869557
