,Layer,Gout nodes,Narcolepsy nodes,sAB
0,disease_on_genes,28,25,-0.017857142857142794
1,disease_on_symptoms,19,20,1.0763495276653172
2,disease_on_drugs,22,21,-0.020688613711869586
