,Layer,Skin_ulcer nodes,Keloid nodes,sAB
0,disease_on_genes,30,23,-0.018867924528301883
1,disease_on_symptoms,20,17,0.8504769475357712
2,disease_on_drugs,24,22,0.046113306982872304
