,Layer,Rosacea nodes,Keloid nodes,sAB
0,disease_on_genes,30,23,-0.16761006289308167
1,disease_on_symptoms,18,17,0.8320728291316526
2,disease_on_drugs,30,22,-0.059906759906759754
