,Layer,Tremor nodes,Back_pain nodes,sAB
0,disease_on_genes,27,30,-0.052631578947368474
1,disease_on_symptoms,17,15,0.7591911764705883
2,disease_on_drugs,24,23,-0.024552883132901382
