,Layer,Cough nodes,Keloid nodes,sAB
0,disease_on_genes,27,23,0.08000000000000007
1,disease_on_symptoms,22,17,1.000171397230221
2,disease_on_drugs,24,22,0.4374176548089592
