,Layer,Rosacea nodes,Sarcoma nodes,sAB
0,disease_on_genes,30,30,0.16666666666666674
1,disease_on_symptoms,18,23,0.7673206079886885
2,disease_on_drugs,30,24,0.21851851851851878
