,Layer,Stomatitis nodes,Uveitis nodes,sAB
0,disease_on_genes,30,30,-0.033333333333333326
1,disease_on_symptoms,19,20,0.43535762483130913
2,disease_on_drugs,29,23,0.017068388882481855
