,Layer,Priapism nodes,Headache nodes,sAB
0,disease_on_genes,30,30,-0.033333333333333326
1,disease_on_symptoms,12,23,-0.05766045548654253
2,disease_on_drugs,28,23,0.030538302277432594
