,Layer,Priapism nodes,Pain nodes,sAB
0,disease_on_genes,30,26,-0.2321428571428571
1,disease_on_symptoms,12,16,0.21279761904761862
2,disease_on_drugs,28,26,-0.09218559218559208
