,Layer,Sarcoma nodes,Ascites nodes,sAB
0,disease_on_genes,30,30,-0.033333333333333326
1,disease_on_symptoms,23,22,0.19382960035133956
2,disease_on_drugs,24,27,-0.11873638344226589
