,Layer,Uveitis nodes,Leukemia nodes,sAB
0,disease_on_genes,30,30,0.016666666666666607
1,disease_on_symptoms,20,21,0.4397212543554003
2,disease_on_drugs,23,30,0.025772491112934004
