,Layer,Myopathy nodes,Cough nodes,sAB
0,disease_on_genes,23,27,0.19999999999999996
1,disease_on_symptoms,22,22,0.2954545454545454
2,disease_on_drugs,21,24,0.29761904761904767
