,Layer,Seizure nodes,Gout nodes,sAB
0,disease_on_genes,30,28,-0.035098522167487656
1,disease_on_symptoms,21,19,0.021679197994987742
2,disease_on_drugs,29,22,0.08254963427377215
