,Layer,Glioma nodes,Sepsis nodes,sAB
0,disease_on_genes,22,30,0.21410256410256423
1,disease_on_symptoms,21,15,1.3301587301587303
2,disease_on_drugs,21,25,0.5242236024844722
