,Layer,Ascites nodes,Leukemia nodes,sAB
0,disease_on_genes,30,30,-0.08333333333333326
1,disease_on_symptoms,22,21,0.045530051344004674
2,disease_on_drugs,27,30,-0.05604288499025323
