,Layer,Vitiligo nodes,Ascites nodes,sAB
0,disease_on_genes,30,30,-0.016666666666666607
1,disease_on_symptoms,19,22,0.047525965690279115
2,disease_on_drugs,25,27,0.07800569800569823
