,Layer,Chorea nodes,Myalgia nodes,sAB
0,disease_on_genes,30,30,-0.08333333333333337
1,disease_on_symptoms,17,16,0.21139705882352944
2,disease_on_drugs,24,29,0.0321107135111689
