,Layer,Lymphoma nodes,Ascites nodes,sAB
0,disease_on_genes,26,30,-0.088095238095238
1,disease_on_symptoms,20,22,0.046969696969696884
2,disease_on_drugs,24,27,0.0038126361655774765
