,Layer,Dysuria nodes,Myalgia nodes,sAB
0,disease_on_genes,30,30,-0.050000000000000044
1,disease_on_symptoms,12,16,0.35565476190476186
2,disease_on_drugs,21,29,-0.04811165845648602
