,Layer,Asthma nodes,Pain nodes,sAB
0,disease_on_genes,25,26,-0.23568627450980395
1,disease_on_symptoms,20,16,0.17986111111111125
2,disease_on_drugs,22,26,-0.1397144522144521
