,Layer,Pain nodes,Glaucoma nodes,sAB
0,disease_on_genes,26,30,0.0011904761904761862
1,disease_on_symptoms,16,18,0.5447303921568629
2,disease_on_drugs,26,28,0.07514245014245002
