,Layer,Seizure nodes,Glioma nodes,sAB
0,disease_on_genes,30,22,-0.05769230769230771
1,disease_on_symptoms,21,21,1.2857142857142856
2,disease_on_drugs,29,21,0.33960591133004936
