,Layer,Gout nodes,Dysuria nodes,sAB
0,disease_on_genes,28,30,0.05110837438423643
1,disease_on_symptoms,19,12,1.3617713638936049
2,disease_on_drugs,22,21,0.16092821906775412
