,Layer,Obesity nodes,Leukemia nodes,sAB
0,disease_on_genes,27,30,-0.26608187134502925
1,disease_on_symptoms,18,21,0.18253968253968256
2,disease_on_drugs,25,30,-0.037878787878787845
