,Layer,Sepsis nodes,Uveitis nodes,sAB
0,disease_on_genes,30,30,0.15000000000000013
1,disease_on_symptoms,15,20,0.6285714285714283
2,disease_on_drugs,25,23,0.05942028985507242
