,Layer,Nocturia nodes,Myalgia nodes,sAB
0,disease_on_genes,25,30,-0.20370370370370372
1,disease_on_symptoms,18,16,0.48263888888888884
2,disease_on_drugs,24,29,-0.018596833658642398
