,Layer,Gout nodes,Pain nodes,sAB
0,disease_on_genes,28,26,-0.16600529100529093
1,disease_on_symptoms,19,16,-0.0036184210526313265
2,disease_on_drugs,22,26,-0.2154720279720279
