,Layer,Asthma nodes,Uveitis nodes,sAB
0,disease_on_genes,25,30,-0.020000000000000018
1,disease_on_symptoms,20,20,0.8749999999999998
2,disease_on_drugs,22,23,-0.041084760649978236
