,Layer,Migraine nodes,Sarcoma nodes,sAB
0,disease_on_genes,30,30,-0.033333333333333326
1,disease_on_symptoms,12,23,0.44606625258799193
2,disease_on_drugs,29,24,0.06625460854478415
