,Layer,Vitiligo nodes,Leukemia nodes,sAB
0,disease_on_genes,30,30,0.016666666666666607
1,disease_on_symptoms,19,21,-0.040413533834586346
2,disease_on_drugs,25,30,-0.0033333333333334103
