,Layer,Headache nodes,Rhinitis nodes,sAB
0,disease_on_genes,30,30,0.050000000000000044
1,disease_on_symptoms,23,12,-0.0028985507246375164
2,disease_on_drugs,23,23,-0.21739130434782616
