,Layer,Asthma nodes,Pneumonia nodes,sAB
0,disease_on_genes,25,30,-0.16545454545454552
1,disease_on_symptoms,20,23,-0.24769969666329605
2,disease_on_drugs,22,29,0.025954268854877505
