,Layer,Headache nodes,Vitiligo nodes,sAB
0,disease_on_genes,30,30,0.050000000000000044
1,disease_on_symptoms,23,19,0.08406886782172851
2,disease_on_drugs,23,25,-0.023985507246376825
