,Layer,Sepsis nodes,Sarcoma nodes,sAB
0,disease_on_genes,30,30,0.15000000000000013
1,disease_on_symptoms,15,23,1.1228832951945082
2,disease_on_drugs,25,24,0.22312925170068043
