,Layer,Ichthyosis nodes,Asthma nodes,sAB
0,disease_on_genes,28,25,0.018746630727762836
1,disease_on_symptoms,18,20,0.46330409356725166
2,disease_on_drugs,25,22,0.13003868471953584
