,Layer,Gout nodes,Myopathy nodes,sAB
0,disease_on_genes,28,23,-0.017857142857142794
1,disease_on_symptoms,19,22,0.5271326875948183
2,disease_on_drugs,22,21,-0.04892781636967669
