,Layer,Seizure nodes,Uveitis nodes,sAB
0,disease_on_genes,30,30,-0.050000000000000044
1,disease_on_symptoms,21,20,-0.00046457607433203485
2,disease_on_drugs,29,23,-0.012109329950409364
