,Layer,Myopathy nodes,Sepsis nodes,sAB
0,disease_on_genes,23,30,0.13427672955974845
1,disease_on_symptoms,22,15,0.8764127764127765
2,disease_on_drugs,21,25,0.04906832298136643
