,Layer,Gout nodes,Back_pain nodes,sAB
0,disease_on_genes,28,30,0.15455665024630538
1,disease_on_symptoms,19,15,-0.006191950464396134
2,disease_on_drugs,22,23,-0.08858146684233614
