,Layer,Gout nodes,Leukemia nodes,sAB
0,disease_on_genes,28,30,-0.1385467980295566
1,disease_on_symptoms,19,21,0.32406015037593994
2,disease_on_drugs,22,30,-0.09207459207459201
