,Layer,Seizure nodes,Emphysema nodes,sAB
0,disease_on_genes,30,30,-0.16666666666666663
1,disease_on_symptoms,21,18,0.26007326007326004
2,disease_on_drugs,29,27,0.00047892720306519365
