,Layer,Obesity nodes,Sepsis nodes,sAB
0,disease_on_genes,27,30,0.06812865497076004
1,disease_on_symptoms,18,15,1.3323232323232324
2,disease_on_drugs,25,25,0.32000000000000006
