,Layer,Urticaria nodes,Ascites nodes,sAB
0,disease_on_genes,24,30,0.03888888888888897
1,disease_on_symptoms,21,22,0.5798600624182018
2,disease_on_drugs,24,27,0.0025871459694988275
