,Layer,Orchitis nodes,Ascites nodes,sAB
0,disease_on_genes,25,30,-0.016666666666666607
1,disease_on_symptoms,19,22,0.019926479169098066
2,disease_on_drugs,25,27,0.001082621082621138
