,Layer,Pain nodes,Lymphoma nodes,sAB
0,disease_on_genes,26,26,-0.05769230769230771
1,disease_on_symptoms,16,20,0.8048611111111112
2,disease_on_drugs,26,24,0.16051282051282056
