,Layer,Cough nodes,Psoriasis nodes,sAB
0,disease_on_genes,27,30,-0.08771929824561409
1,disease_on_symptoms,22,17,-0.27886329356917594
2,disease_on_drugs,24,30,-0.024074074074074137
