,Layer,Pruritus nodes,Leukemia nodes,sAB
0,disease_on_genes,27,30,-0.0009746588693957392
1,disease_on_symptoms,21,21,0.5238095238095237
2,disease_on_drugs,27,30,0.28118908382066277
