,Layer,Pruritus nodes,Dyssomnia nodes,sAB
0,disease_on_genes,27,18,0.0037037037037035425
1,disease_on_symptoms,21,21,2.6904761904761902
2,disease_on_drugs,27,17,0.22672806496335896
