,Layer,Purpura nodes,Myalgia nodes,sAB
0,disease_on_genes,27,30,-0.08869395711500982
1,disease_on_symptoms,17,16,0.48768939393939403
2,disease_on_drugs,24,29,0.00931197137280404
