,Layer,Chorea nodes,Ascites nodes,sAB
0,disease_on_genes,30,30,-0.04999999999999993
1,disease_on_symptoms,17,22,0.25692444810091875
2,disease_on_drugs,24,27,0.23543028322440085
