,Layer,Gout nodes,Rosacea nodes,sAB
0,disease_on_genes,25,30,-0.037272727272727346
1,disease_on_symptoms,18,17,0.3375350140056024
2,disease_on_drugs,23,27,0.1200000000000001
