,Layer,Myalgia nodes,Psoriasis nodes,sAB
0,disease_on_genes,30,28,0.0004926108374383453
1,disease_on_symptoms,16,21,1.0105373230373231
2,disease_on_drugs,29,28,0.35025062656641626
