,Layer,Myalgia nodes,Anorexia nodes,sAB
0,disease_on_genes,30,17,-0.061264080100125184
1,disease_on_symptoms,16,25,-0.042256097560975814
2,disease_on_drugs,29,13,0.4853479853479854
