,Layer,Exanthem nodes,Leukemia nodes,sAB
0,disease_on_genes,28,18,0.10869565217391308
1,disease_on_symptoms,26,27,0.22880718163737046
2,disease_on_drugs,28,17,0.049463118580765464
