,Layer,Pain nodes,Glaucoma nodes,sAB
0,disease_on_genes,26,30,0.05558608058608061
1,disease_on_symptoms,21,14,-0.09999999999999987
2,disease_on_drugs,26,30,0.3402930402930402
