,Layer,Chorea nodes,Headache nodes,sAB
0,disease_on_genes,14,30,0.19761904761904758
1,disease_on_symptoms,27,25,0.06982905982905985
2,disease_on_drugs,8,26,0.24179864253393668
