,Layer,Orchitis nodes,Ascites nodes,sAB
0,disease_on_genes,23,30,0.15094339622641506
1,disease_on_symptoms,16,17,0.005069073083779019
2,disease_on_drugs,17,27,0.22653000594177053
