,Layer,Rhinitis nodes,Keloid nodes,sAB
0,disease_on_genes,30,22,0.31095571095571106
1,disease_on_symptoms,15,20,1.3214285714285712
2,disease_on_drugs,22,19,0.29268292682926833
