,Layer,Tremor nodes,Sepsis nodes,sAB
0,disease_on_genes,16,22,0.10840311004784686
1,disease_on_symptoms,23,23,0.8695652173913042
2,disease_on_drugs,16,17,0.36447192513368987
