,Layer,Gout nodes,Dysuria nodes,sAB
0,disease_on_genes,25,30,0.10091954022988481
1,disease_on_symptoms,18,16,1.4895833333333335
2,disease_on_drugs,23,23,0.5869565217391304
