,Layer,Obesity nodes,Nocturia nodes,sAB
0,disease_on_genes,26,21,0.056262842848208594
1,disease_on_symptoms,20,24,0.5375000000000001
2,disease_on_drugs,27,14,0.36801522777132534
