,Layer,Rosacea nodes,Sinusitis nodes,sAB
0,disease_on_genes,30,29,0.13556399766218585
1,disease_on_symptoms,17,21,0.014226743328910496
2,disease_on_drugs,27,28,0.12824675324675328
