,Layer,Headache nodes,Cough nodes,sAB
0,disease_on_genes,30,27,-0.14044834307992204
1,disease_on_symptoms,25,21,0.03536231884057983
2,disease_on_drugs,26,27,0.13241143901521246
