,Layer,Pruritus nodes,Exanthem nodes,sAB
0,disease_on_genes,26,28,0.015471698113207477
1,disease_on_symptoms,19,26,0.27980206927575346
2,disease_on_drugs,24,28,0.020604395604395753
