,Layer,Exanthem nodes,Goiter nodes,sAB
0,disease_on_genes,28,26,0.36752136752136755
1,disease_on_symptoms,26,15,0.8051907442151345
2,disease_on_drugs,28,16,0.36850649350649367
