,Layer,Myalgia nodes,Keloid nodes,sAB
0,disease_on_genes,30,22,0.03916083916083912
1,disease_on_symptoms,16,20,1.4097222222222223
2,disease_on_drugs,29,19,0.39583333333333326
