,Layer,Headache nodes,Gangrene nodes,sAB
0,disease_on_genes,30,26,-0.016666666666666607
1,disease_on_symptoms,25,19,-0.10961722488038284
2,disease_on_drugs,26,23,0.061070916660978636
