,Layer,Glioma nodes,Sepsis nodes,sAB
0,disease_on_genes,22,22,0.38636363636363646
1,disease_on_symptoms,24,23,1.7182971014492754
2,disease_on_drugs,20,17,1.2405007949125593
