,Layer,Obesity nodes,Rhinitis nodes,sAB
0,disease_on_genes,26,30,0.003388278388278154
1,disease_on_symptoms,20,15,0.22857142857142865
2,disease_on_drugs,27,22,0.3507180650037791
