,Layer,Cough nodes,Pain nodes,sAB
0,disease_on_genes,27,26,-0.13245175509326446
1,disease_on_symptoms,21,21,-0.09523809523809512
2,disease_on_drugs,27,26,-0.11287157985271201
