,Layer,Sarcoma nodes,Leukemia nodes,sAB
0,disease_on_genes,25,18,0.023255813953488413
1,disease_on_symptoms,26,27,0.5673412890394023
2,disease_on_drugs,21,17,0.017027863777089758
