,Layer,Cough nodes,Gangrene nodes,sAB
0,disease_on_genes,27,26,-0.07512229210342425
1,disease_on_symptoms,21,19,-0.19385964912280684
2,disease_on_drugs,27,23,0.08122383252818022
