,Layer,Gout nodes,Leukemia nodes,sAB
0,disease_on_genes,25,18,0.12604651162790703
1,disease_on_symptoms,18,27,0.22962962962962985
2,disease_on_drugs,23,17,0.3117647058823527
