,Layer,Fatigue nodes,Asthma nodes,sAB
0,disease_on_genes,26,25,0.0003619909502263763
1,disease_on_symptoms,21,19,1.3979323308270677
2,disease_on_drugs,26,24,-0.08012820512820507
