,Layer,Ascites nodes,Glaucoma nodes,sAB
0,disease_on_genes,30,30,-0.016666666666666607
1,disease_on_symptoms,17,14,-0.05624830577392248
2,disease_on_drugs,27,30,0.06900584795321629
