,Layer,Gout nodes,Psoriasis nodes,sAB
0,disease_on_genes,25,28,-0.0013746630727762277
1,disease_on_symptoms,18,21,0.7197802197802199
2,disease_on_drugs,23,28,0.258403361344538
