,Layer,Gout nodes,Pain nodes,sAB
0,disease_on_genes,25,26,-0.3141478129713423
1,disease_on_symptoms,18,21,-0.26739926739926734
2,disease_on_drugs,23,26,-0.3661695447409733
