,Layer,Priapism nodes,Gout nodes,sAB
0,disease_on_genes,30,25,-0.05696969696969689
1,disease_on_symptoms,17,18,0.7408963585434174
2,disease_on_drugs,28,23,0.14250700280112039
