,Layer,Gout nodes,Rhinitis nodes,sAB
0,disease_on_genes,25,30,0.20060606060606068
1,disease_on_symptoms,18,15,0.8090909090909091
2,disease_on_drugs,23,22,0.3555555555555556
