,Layer,Obesity nodes,Pericarditis nodes,sAB
0,disease_on_genes,26,25,0.00037707390648566985
1,disease_on_symptoms,20,22,0.25151515151515147
2,disease_on_drugs,27,25,0.23142450142450133
