,Layer,Ascites nodes,Vasculitis nodes,sAB
0,disease_on_genes,30,24,0.07175925925925908
1,disease_on_symptoms,17,19,0.10921912624699015
2,disease_on_drugs,27,20,0.0008274231678486732
