,Layer,Gout nodes,Lymphoma nodes,sAB
0,disease_on_genes,25,26,-0.0007993966817496645
1,disease_on_symptoms,18,21,0.7728937728937728
2,disease_on_drugs,23,25,0.39749999999999996
