,Layer,Pruritus nodes,Asthma nodes,sAB
0,disease_on_genes,26,25,0.05999999999999983
1,disease_on_symptoms,19,19,1.1315789473684212
2,disease_on_drugs,24,24,0.12500000000000022
