,Layer,Nephritis nodes,Sinusitis nodes,sAB
0,disease_on_genes,30,29,-0.0008766803039157445
1,disease_on_symptoms,18,21,-0.06929181929181927
2,disease_on_drugs,27,28,0.035654160654160716
