,Layer,Tremor nodes,Asthma nodes,sAB
0,disease_on_genes,16,25,0.10576219512195117
1,disease_on_symptoms,23,19,1.9710689767898004
2,disease_on_drugs,16,24,0.5270833333333336
