,Layer,Gout nodes,Goiter nodes,sAB
0,disease_on_genes,25,26,0.4120965309200604
1,disease_on_symptoms,18,15,1.3636363636363635
2,disease_on_drugs,23,16,0.7179487179487178
