,Layer,Dysuria nodes,Pain nodes,sAB
0,disease_on_genes,30,26,-0.029057149746804845
1,disease_on_symptoms,16,21,1.2180260617760617
2,disease_on_drugs,23,26,0.3263770391099583
