,Layer,Seizure nodes,Glaucoma nodes,sAB
0,disease_on_genes,29,30,0.15367231638418088
1,disease_on_symptoms,25,14,0.24036630036630036
2,disease_on_drugs,28,30,0.36321839080459783
