,Layer,Orchitis nodes,Pain nodes,sAB
0,disease_on_genes,23,26,0.14521193092621676
1,disease_on_symptoms,16,21,2.0812017374517375
2,disease_on_drugs,17,26,0.7591550036830472
