,Layer,Cough nodes,Keratitis nodes,sAB
0,disease_on_genes,27,28,0.09122174122174131
1,disease_on_symptoms,21,25,0.32666666666666666
2,disease_on_drugs,27,23,0.2177455716586152
