,Layer,Pain nodes,Anorexia nodes,sAB
0,disease_on_genes,26,17,0.029937914342839322
1,disease_on_symptoms,21,25,0.37068322981366464
2,disease_on_drugs,26,13,0.5064102564102564
