,Layer,Sinusitis nodes,Erysipelas nodes,sAB
0,disease_on_genes,29,28,0.10554403249503053
1,disease_on_symptoms,21,20,-0.045412311265969896
2,disease_on_drugs,28,27,0.0009740259740258495
