,Layer,Nephritis nodes,Pain nodes,sAB
0,disease_on_genes,30,26,0.22939560439560447
1,disease_on_symptoms,18,21,0.37576312576312576
2,disease_on_drugs,27,26,0.13345965704456275
