,Layer,Uveitis nodes,Sarcoma nodes,sAB
0,disease_on_genes,30,25,0.18333333333333335
1,disease_on_symptoms,21,26,0.9352934299742812
2,disease_on_drugs,27,21,0.31481481481481466
