,Layer,Priapism nodes,Keloid nodes,sAB
0,disease_on_genes,30,22,0.17121212121212137
1,disease_on_symptoms,17,20,1.6498410174880762
2,disease_on_drugs,28,19,0.30813069908814583
