,Layer,Gout nodes,Obesity nodes,sAB
0,disease_on_genes,25,26,-0.020407239819004497
1,disease_on_symptoms,18,20,0.11754385964912273
2,disease_on_drugs,23,27,0.24296296296296283
