,Layer,Rosacea nodes,Pain nodes,sAB
0,disease_on_genes,30,26,0.0008241758241755992
1,disease_on_symptoms,17,21,0.2899159663865547
2,disease_on_drugs,27,26,0.1317126269956459
