,Layer,Tremor nodes,Cough nodes,sAB
0,disease_on_genes,16,27,0.16680124892334192
1,disease_on_symptoms,23,21,1.786231884057971
2,disease_on_drugs,16,27,0.5363641257536604
