,Layer,Dermatitis nodes,Uveitis nodes,sAB
0,disease_on_genes,26,30,0.0015151515151514694
1,disease_on_symptoms,25,21,0.8040993788819875
2,disease_on_drugs,24,27,0.05746187363834432
