,Layer,Pain nodes,Psoriasis nodes,sAB
0,disease_on_genes,26,28,-0.055657305657305534
1,disease_on_symptoms,21,21,0.30952380952380976
2,disease_on_drugs,26,28,0.2413512413512413
