,Layer,Gout nodes,Headache nodes,sAB
0,disease_on_genes,25,30,-0.11303030303030304
1,disease_on_symptoms,18,25,0.5933333333333333
2,disease_on_drugs,23,26,-0.14167974882260592
