,Layer,Rosacea nodes,Sepsis nodes,sAB
0,disease_on_genes,30,22,0.08636363636363642
1,disease_on_symptoms,17,23,1.0361892583120205
2,disease_on_drugs,27,17,0.16844919786096257
