,Layer,Glioma nodes,Cough nodes,sAB
0,disease_on_genes,22,27,0.20365216793788243
1,disease_on_symptoms,24,21,1.9791666666666667
2,disease_on_drugs,20,27,1.172005516154452
