,Layer,Gout nodes,Prostatitis nodes,sAB
0,disease_on_genes,25,30,0.0006060606060604989
1,disease_on_symptoms,18,20,0.7925438596491228
2,disease_on_drugs,23,29,0.2732095490716182
