,Layer,Mastocytosis nodes,Cough nodes,sAB
0,disease_on_genes,18,27,0.042592592592592515
1,disease_on_symptoms,28,21,0.31717687074829914
2,disease_on_drugs,17,27,-0.027678748266983577
