,Layer,Asthma nodes,Exanthem nodes,sAB
0,disease_on_genes,25,28,0.14981132075471693
1,disease_on_symptoms,19,26,1.6055330634278002
2,disease_on_drugs,24,28,0.20970695970695963
