,Layer,Gout nodes,Glaucoma nodes,sAB
0,disease_on_genes,25,30,-0.017575757575757578
1,disease_on_symptoms,18,14,-0.019345238095238138
2,disease_on_drugs,23,30,0.30628930817610067
