,Layer,Keloid nodes,Meningitis nodes,sAB
0,disease_on_genes,22,29,-0.018747310836560338
1,disease_on_symptoms,20,20,1.4000000000000001
2,disease_on_drugs,19,26,0.022222222222222143
