,Layer,Dysuria nodes,Asthma nodes,sAB
0,disease_on_genes,30,25,0.10388250319284786
1,disease_on_symptoms,16,19,1.1577537593984961
2,disease_on_drugs,23,24,0.27701973481344444
