,Layer,Arthritis nodes,Asthma nodes,sAB
0,disease_on_genes,30,25,0.016363636363636358
1,disease_on_symptoms,19,19,0.7105263157894735
2,disease_on_drugs,29,24,0.01981674257211008
