,Layer,Nephritis nodes,Gout nodes,sAB
0,disease_on_genes,30,25,0.049090909090909074
1,disease_on_symptoms,18,18,0.8611111111111112
2,disease_on_drugs,27,23,0.1074074074074074
