,Layer,Obesity nodes,Cough nodes,sAB
0,disease_on_genes,26,27,-0.07548513680589153
1,disease_on_symptoms,20,21,0.5593495934959347
2,disease_on_drugs,27,27,0.03703703703703698
