,Layer,Sinusitis nodes,Cough nodes,sAB
0,disease_on_genes,29,27,0.001185914979018543
1,disease_on_symptoms,21,21,0.7857142857142856
2,disease_on_drugs,28,27,0.0912097162097163
