,Layer,Cough nodes,Pneumonia nodes,sAB
0,disease_on_genes,27,30,-0.016764132553606093
1,disease_on_symptoms,21,26,-0.012956901254773667
2,disease_on_drugs,27,28,0.18114478114478105
