,Layer,Pruritus nodes,Pain nodes,sAB
0,disease_on_genes,26,26,-0.05924585218702849
1,disease_on_symptoms,19,21,0.8218045112781955
2,disease_on_drugs,24,26,0.16076923076923078
