,Layer,Tremor nodes,Pain nodes,sAB
0,disease_on_genes,16,26,0.010645604395604469
1,disease_on_symptoms,23,21,1.3306041784302656
2,disease_on_drugs,16,26,0.2828525641025641
