,Layer,Diarrhea nodes,Pain nodes,sAB
0,disease_on_genes,27,26,-0.20652582916733842
1,disease_on_symptoms,19,21,-0.045300751879699286
2,disease_on_drugs,26,26,-0.1923076923076924
