,Layer,Purpura nodes,Pain nodes,sAB
0,disease_on_genes,26,26,0.05769230769230749
1,disease_on_symptoms,17,21,1.2233524988942945
2,disease_on_drugs,20,26,-0.019230769230769162
