,Layer,Headache nodes,Asthma nodes,sAB
0,disease_on_genes,30,25,-0.05484848484848481
1,disease_on_symptoms,25,19,0.14397129186602853
2,disease_on_drugs,26,24,-0.040897435897435885
