,Layer,Gout nodes,Keloid nodes,sAB
0,disease_on_genes,25,22,0.043481624758220594
1,disease_on_symptoms,18,20,1.0570175438596494
2,disease_on_drugs,23,19,0.1428571428571428
