,Layer,Gout nodes,Exanthem nodes,sAB
0,disease_on_genes,25,28,0.09094339622641501
1,disease_on_symptoms,18,26,0.9836829836829835
2,disease_on_drugs,23,28,0.15861344537815136
