,Layer,Glioma nodes,Leukemia nodes,sAB
0,disease_on_genes,22,18,0.027272727272727337
1,disease_on_symptoms,24,27,1.0499727668845313
2,disease_on_drugs,20,17,0.15703497615262307
