,Layer,Pain nodes,Vasculitis nodes,sAB
0,disease_on_genes,26,24,0.14070512820512815
1,disease_on_symptoms,21,19,0.7783834586466165
2,disease_on_drugs,26,20,0.08294314381270884
