,Layer,Sinusitis nodes,Pain nodes,sAB
0,disease_on_genes,29,26,0.05526886906197248
1,disease_on_symptoms,21,21,0.6904761904761902
2,disease_on_drugs,28,26,0.35312372812372783
