,Layer,Sepsis nodes,Cough nodes,sAB
0,disease_on_genes,22,27,0.09233491376348524
1,disease_on_symptoms,23,21,1.6557971014492754
2,disease_on_drugs,17,27,0.3132303426421075
