,Layer,Migraine nodes,Gout nodes,sAB
0,disease_on_genes,30,25,-0.1842424242424242
1,disease_on_symptoms,14,18,0.18601190476190466
2,disease_on_drugs,29,23,-0.15384615384615385
