,Layer,Cellulitis nodes,Rhinitis nodes,sAB
0,disease_on_genes,22,30,0.017366946778711423
1,disease_on_symptoms,26,15,0.006003752345215663
2,disease_on_drugs,12,22,0.41176470588235303
