,Layer,Uveitis nodes,Glaucoma nodes,sAB
0,disease_on_genes,30,30,0.13333333333333308
1,disease_on_symptoms,21,14,0.19999999999999996
2,disease_on_drugs,27,30,0.40428849902534125
