,Layer,Headache nodes,Sepsis nodes,sAB
0,disease_on_genes,30,22,0.004312354312354216
1,disease_on_symptoms,25,23,1.2491304347826087
2,disease_on_drugs,26,17,0.4568294222876985
