,Layer,Rosacea nodes,Ascites nodes,sAB
0,disease_on_genes,30,30,0.09999999999999987
1,disease_on_symptoms,17,17,0.08823529411764719
2,disease_on_drugs,27,27,0.2222222222222221
