,Layer,Seizure nodes,Pain nodes,sAB
0,disease_on_genes,29,26,0.2160839160839163
1,disease_on_symptoms,25,21,0.7132919254658385
2,disease_on_drugs,28,26,0.3881766381766383
