,Layer,Seizure nodes,Fatigue nodes,sAB
0,disease_on_genes,29,26,0.03426573426573443
1,disease_on_symptoms,25,21,0.38409937888198753
2,disease_on_drugs,28,26,-0.0014245014245013454
