,Layer,Diarrhea nodes,Goiter nodes,sAB
0,disease_on_genes,27,26,0.18897489652206634
1,disease_on_symptoms,19,15,0.42311661506707954
2,disease_on_drugs,26,16,1.0760073260073262
