,Layer,Gout nodes,Anorexia nodes,sAB
0,disease_on_genes,25,17,0.060448179271708646
1,disease_on_symptoms,18,25,1.2714728682170544
2,disease_on_drugs,23,13,0.8504273504273505
