,Layer,Psoriasis nodes,Goiter nodes,sAB
0,disease_on_genes,28,26,0.12810337810337802
1,disease_on_symptoms,21,15,0.25396825396825395
2,disease_on_drugs,28,16,0.05519480519480524
