,Layer,Glioma nodes,Pain nodes,sAB
0,disease_on_genes,22,26,0.31381118881118875
1,disease_on_symptoms,24,21,1.9109126984126983
2,disease_on_drugs,20,26,1.042725752508361
